{
  "case_id": "case1a",
  "saved_at": "2026-04-30T07:43:22",
  "params": {
    "label": "a",
    "alpha": 1.0,
    "budget": 4.0
  },
  "raw_data": {
    "10": {
      "AV": [
        1.0,
        1.0,
        1.0,
        0.9545454545454546,
        0.9696969696969697
      ],
      "AV/Cost": [
        1.0,
        0.9999999999981481,
        1.0,
        0.9565217391304348,
        0.9714285714285714
      ],
      "GC": [
        0.5666666666666667,
        0.4999999999992647,
        0.6764705882352942,
        0.6086956521739131,
        0.6470588235294118
      ],
      "MES": [
        0.8055555555555556,
        0.875,
        0.8181818181818182,
        0.9,
        0.8108108108108109
      ],
      "MES+AV": [
        0.96875,
        1.0,
        1.0,
        0.9999999999964285,
        0.9117647058823529
      ],
      "MES+Phragmen": [
        1.0,
        0.9666666666666667,
        1.0,
        0.9615384615384616,
        1.0
      ],
      "Phragmen": [
        0.9705882352941176,
        0.9696969696969697,
        1.0,
        0.9523809523786848,
        0.918918918918919
      ],
      "PAV": [
        1.0,
        1.0,
        0.967741935483871,
        0.9999999999975,
        0.9714285714285714
      ]
    },
    "20": {
      "AV": [
        1.0,
        1.0,
        1.0,
        0.999999999994737,
        1.0
      ],
      "AV/Cost": [
        1.0,
        1.0,
        1.0,
        0.9999999999944443,
        1.0
      ],
      "GC": [
        0.6129032258064516,
        0.6060606060606061,
        0.6285714285714286,
        0.7619047619047619,
        0.6842105263157895
      ],
      "MES": [
        0.7941176470588235,
        0.8108108108108109,
        0.8620689655172413,
        0.9333333333271111,
        0.8055555555555556
      ],
      "MES+AV": [
        1.0,
        1.0,
        1.0,
        1.0,
        1.0
      ],
      "MES+Phragmen": [
        1.0,
        1.0,
        1.0,
        1.0,
        1.0
      ],
      "Phragmen": [
        1.0,
        1.0,
        1.0,
        0.999999999995238,
        0.9743589743589743
      ],
      "PAV": [
        1.0,
        1.0,
        0.9999999999985714,
        1.0,
        0.9428571428571428
      ]
    },
    "30": {
      "AV": [
        1.0,
        1.0,
        1.0,
        1.0,
        1.0
      ],
      "AV/Cost": [
        1.0,
        1.0,
        1.0,
        1.0,
        1.0
      ],
      "GC": [
        0.7096774193548387,
        0.7575757575757576,
        0.7931034482758621,
        0.7619047619029478,
        0.65625
      ],
      "MES": [
        0.8518518518518519,
        0.8181818181818182,
        0.8709677419354839,
        0.9230769230769231,
        0.8387096774193549
      ],
      "MES+AV": [
        1.0,
        1.0,
        1.0,
        1.0,
        1.0
      ],
      "MES+Phragmen": [
        1.0,
        1.0,
        1.0,
        1.0,
        1.0
      ],
      "Phragmen": [
        1.0,
        1.0,
        1.0,
        0.9999999999972222,
        1.0
      ],
      "PAV": [
        1.0,
        1.0,
        1.0,
        0.9999999999979999,
        1.0
      ]
    },
    "40": {
      "AV": [
        1.0,
        1.0,
        1.0,
        1.0,
        1.0
      ],
      "AV/Cost": [
        1.0,
        1.0,
        1.0,
        1.0,
        1.0
      ],
      "GC": [
        0.7,
        0.7878787878787878,
        0.7777777777777778,
        0.8846153846153846,
        0.7837837837837838
      ],
      "MES": [
        0.8484848484848485,
        0.7837837837837838,
        0.7812499999987793,
        0.8928571428571429,
        0.8
      ],
      "MES+AV": [
        1.0,
        1.0,
        1.0,
        1.0,
        1.0
      ],
      "MES+Phragmen": [
        1.0,
        1.0,
        1.0,
        1.0,
        1.0
      ],
      "Phragmen": [
        1.0,
        1.0,
        1.0,
        0.9615384615384616,
        1.0
      ],
      "PAV": [
        1.0,
        1.0,
        1.0,
        0.9999999999970588,
        1.0
      ]
    },
    "50": {
      "AV": [
        1.0,
        1.0,
        1.0,
        0.9999999999980769,
        1.0
      ],
      "AV/Cost": [
        1.0,
        1.0,
        1.0,
        0.9999999999978261,
        1.0
      ],
      "GC": [
        0.6666666666666666,
        0.6764705882352942,
        0.7647058823529411,
        0.7727272727272727,
        0.7368421052631579
      ],
      "MES": [
        0.8181818181818182,
        0.8285714285714286,
        0.8,
        0.949999999997625,
        0.9333333333333333
      ],
      "MES+AV": [
        1.0,
        1.0,
        1.0,
        1.0,
        1.0
      ],
      "MES+Phragmen": [
        1.0,
        1.0,
        1.0,
        1.0,
        1.0
      ],
      "Phragmen": [
        1.0,
        1.0,
        1.0,
        1.0,
        1.0
      ],
      "PAV": [
        1.0,
        1.0,
        1.0,
        0.9999999999975,
        1.0
      ]
    },
    "60": {
      "AV": [
        1.0,
        1.0,
        1.0,
        1.0,
        1.0
      ],
      "AV/Cost": [
        1.0,
        1.0,
        1.0,
        0.9999999999977273,
        1.0
      ],
      "GC": [
        0.7058823529411765,
        0.6285714285714286,
        0.8064516129032258,
        0.8461538461538461,
        0.7666666666666667
      ],
      "MES": [
        0.8285714285714286,
        0.8,
        0.896551724137931,
        1.0,
        0.84375
      ],
      "MES+AV": [
        1.0,
        1.0,
        1.0,
        1.0,
        0.9999999999983871
      ],
      "MES+Phragmen": [
        1.0,
        1.0,
        1.0,
        1.0,
        1.0
      ],
      "Phragmen": [
        1.0,
        1.0,
        1.0,
        1.0,
        1.0
      ],
      "PAV": [
        1.0,
        0.9999999999984848,
        1.0,
        0.9999999999941176,
        1.0
      ]
    },
    "70": {
      "AV": [
        1.0,
        1.0,
        1.0,
        1.0,
        1.0
      ],
      "AV/Cost": [
        0.9999999999985294,
        1.0,
        1.0,
        0.9999999999980769,
        1.0
      ],
      "GC": [
        0.7575757575757576,
        0.775,
        0.8214285714285714,
        0.9090909090867768,
        0.7631578947368421
      ],
      "MES": [
        0.8235294117647058,
        0.8285714285714286,
        0.8571428571428571,
        0.9,
        0.8055555555555556
      ],
      "MES+AV": [
        1.0,
        1.0,
        1.0,
        1.0,
        1.0
      ],
      "MES+Phragmen": [
        1.0,
        1.0,
        1.0,
        0.9999999999982142,
        1.0
      ],
      "Phragmen": [
        1.0,
        1.0,
        1.0,
        1.0,
        1.0
      ],
      "PAV": [
        1.0,
        1.0,
        1.0,
        0.9999999999980769,
        1.0
      ]
    },
    "80": {
      "AV": [
        1.0,
        1.0,
        1.0,
        1.0,
        1.0
      ],
      "AV/Cost": [
        1.0,
        1.0,
        1.0,
        0.999999999997619,
        1.0
      ],
      "GC": [
        0.7222222222222222,
        0.7027027027027027,
        0.78125,
        0.8695652173913043,
        0.875
      ],
      "MES": [
        0.8529411764705882,
        0.875,
        0.896551724137931,
        1.0,
        0.84375
      ],
      "MES+AV": [
        1.0,
        1.0,
        1.0,
        0.9999999999941176,
        1.0
      ],
      "MES+Phragmen": [
        1.0,
        1.0,
        1.0,
        1.0,
        1.0
      ],
      "Phragmen": [
        1.0,
        0.9999999999982142,
        1.0,
        1.0,
        1.0
      ],
      "PAV": [
        1.0,
        1.0,
        1.0,
        1.0,
        1.0
      ]
    },
    "90": {
      "AV": [
        1.0,
        1.0,
        1.0,
        0.999999999995238,
        1.0
      ],
      "AV/Cost": [
        1.0,
        1.0,
        1.0,
        1.0,
        1.0
      ],