{
  "case_id": "case3b_ratio_0p25",
  "saved_at": "2026-04-30T08:45:52",
  "params": {
    "ratio": 0.25,
    "n": 100,
    "m": 8,
    "alpha_values": [
      5.0,
      10.0,
      15.0,
      20.0,
      25.0,
      30.0
    ],
    "ratios_budget_over_alpha_plus_one": [
      0.5,
      0.3333333333333333,
      0.6666666666666666,
      0.25,
      0.75
    ],
    "quality_range": [
      0,
      2
    ],
    "utility_type": "normal"
  },
  "raw_data": {
    "5.0": {
      "AV": [
        0.9999999999875,
        0.9999999998833333,
        0.9999999999944443,
        0.9999999999875,
        0.9999999998
      ],
      "AV/Cost": [
        0.9999999999666667,
        0.9999999999666667,
        0.9999999999785715,
        0.99999999995,
        0.9999999999666667
      ],
      "GC": [
        0.9999999999875,
        0.9999999999944443,
        0.9999999999785715,
        0.99999999995,
        0.99999999995
      ],
      "MES": [
        0.9999999999666667,
        0.49999999999375,
        0.0,
        0.1666666666611111,
        0.999999999925
      ],
      "MES+AV": [
        0.9999999999785715,
        0.9999999999785715,
        0.9999999999944446,
        0.99999999995,
        0.9999999999666667
      ],
      "MES+Phragmen": [
        1.0,
        0.9999999999785715,
        0.9999999999875,
        0.9999999999785715,
        0.9999999998833333
      ],
      "Phragmen": [
        0.9999999999875,
        0.9999999999666667,
        0.9999999999875,
        0.9999999999785715,
        0.999999999925
      ],
      "PAV": [
        0.9999999999944446,
        0.9999999999666667,
        0.9999999999944443,
        0.99999999995,
        0.9999999998
      ]
    },
    "10.0": {
      "AV": [
        0.9999999999875,
        0.9999999999666667,
        0.9999999999954544,
        0.9999999999875,
        0.9999999998
      ],
      "AV/Cost": [
        0.9999999999666667,
        0.9999999999944443,
        0.9999999999833334,
        0.99999999995,
        0.9999999999666667
      ],
      "GC": [
        0.9999999999875,
        1.0,
        0.9999999999812501,
        0.99999999995,
        0.99999999995
      ],
      "MES": [
        0.9999999999666667,
        0.9999999999875,
        0.9999999999944443,
        0.6666666666444444,
        0.999999999925
      ],
      "MES+AV": [
        0.9999999999785715,
        0.9999999999875002,
        0.9999999999950001,
        0.99999999995,
        0.9999999999666667
      ],
      "MES+Phragmen": [
        1.0,
        0.9999999999833334,
        0.999999999990909,
        0.9999999999785715,
        0.9999999998833333
      ],
      "Phragmen": [
        0.9999999999875,
        0.9999999999875,
        0.9999999999909093,
        0.9999999999785715,
        0.999999999925
      ],
      "PAV": [
        0.9999999999944446,
        0.9999999999785715,
        0.9999999999954544,
        0.99999999995,
        0.9999999998
      ]
    },
    "15.0": {
      "AV": [
        0.9999999999875,
        0.9999999999666667,
        0.8333333333333334,
        0.99999999999,
        0.9999999998
      ],
      "AV/Cost": [
        0.9999999999666667,
        0.8888888888839506,
        0.9999999999954544,
        0.99999999995,
        0.9999999999666667
      ],
      "GC": [
        0.9999999999875,
        1.0,
        0.8888888888790123,
        0.9999999999642857,
        0.99999999995
      ],
      "MES": [
        0.9999999999666667,
        0.99999999999,
        0.9,
        0.6666666666444444,
        0.999999999925
      ],
      "MES+AV": [
        0.9999999999785715,
        0.8999999999910001,
        0.9999999999950001,
        0.9999999999642857,
        0.9999999999666667
      ],
      "MES+Phragmen": [
        1.0,
        0.9999999999850001,
        0.999999999990909,
        0.9999999999833334,
        0.9999999998833333
      ],
      "Phragmen": [
        0.9999999999875,
        0.999999999990909,
        0.9999999999958334,
        0.9999999999785715,
        0.999999999925
      ],
      "PAV": [
        0.9999999999944446,
        0.8999999999865,
        0.9999999999954544,
        0.99999999995,
        0.9999999998
      ]
    },
    "20.0": {
      "AV": [
        0.9999999999875,
        0.9999999999666667,
        0.8333333333333334,
        0.99999999999,
        0.99999999995
      ],
      "AV/Cost": [
        0.9999999999666667,
        0.9999999999944443,
        0.9090909090867768,
        0.99999999995,
        0.9999999999785715
      ],
      "GC": [
        0.9999999999875,
        1.0,
        0.8888888888790123,
        0.9999999999642857,
        0.9999999999785715
      ],
      "MES": [
        0.9999999999666667,
        0.99999999999,
        0.9,
        0.3333333333222222,
        0.6666666666444444
      ],
      "MES+AV": [
        0.9999999999785715,
        0.9999999999900002,
        0.9999999999950001,
        0.9999999999642857,
        0.9999999999785715
      ],
      "MES+Phragmen": [
        1.0,
        0.9999999999863637,
        0.999999999990909,
        0.9999999999833334,
        0.999999999925
      ],
      "Phragmen": [
        0.9999999999875,
        0.999999999990909,
        0.9166666666628472,
        0.9999999999785715,
        0.99999999995
      ],
      "PAV": [
        0.9999999999944446,
        0.8999999999865,
        0.9999999999954544,
        0.99999999995,
        0.9999999998833333
      ]
    },
    "25.0": {
      "AV": [
        0.9999999999875,
        0.9999999999666667,
        0.8333333333333334,
        0.99999999999,
        0.99999999995
      ],
      "AV/Cost": [
        0.9999999999666667,
        0.9999999999944443,
        0.8181818181780991,
        0.99999999995,
        0.9999999999785715
      ],
      "GC": [
        0.9999999999875,
        1.0,
        0.8888888888790123,
        0.9999999999642857,
        0.9999999999785715
      ],
      "MES": [
        0.9999999999666667,
        0.99999999999,
        0.9,
        0.9999999999666667,
        0.6666666666444444
      ],
      "MES+AV": [
        0.9999999999785715,
        0.9999999999900002,
        0.9999999999950001,
        0.9999999999642857,
        0.9999999999785715
      ],
      "MES+Phragmen": [
        1.0,
        0.9999999999863637,
        0.999999999990909,
        0.9999999999833334,
        0.999999999925
      ],
      "Phragmen": [
        0.9999999999875,
        0.999999999990909,
        0.9166666666628472,
        0.9999999999785715,
        0.79999999996
      ],
      "PAV": [
        0.9999999999944446,
        0.9999999999863639,
        0.9999999999954544,
        0.99999999995,
        0.9999999998833333
      ]
    },
    "30.0": {
      "AV": [
        0.9999999999875,
        0.9999999999666667,
        0.8333333333333334,
        0.99999999999,
        0.99999999995
      ],
      "AV/Cost": [
        0.9999999999666667,
        0.9999999999944443,
        0.8181818181780991,
        0.99999999995,
        0.9999999999785715
      ],
      "GC": [
        0.9999999999875,
        1.0,
        0.8888888888790123,
        0.9999999999642857,
        0.9999999999785715
      ],
      "MES": [
        0.9999999999666667,
        0.99999999999,
        0.9,
        0.9999999999666667,
        0.6666666666444444
      ],
      "MES+AV": [
        0.9999999999785715,
        0.9999999999900002,
        0.9999999999950001,
        0.9999999999642857,
        0.9999999999785715
      ],
      "MES+Phragmen": [
        1.0,
        0.9999999999875001,
        0.999999999990909,
        0.9999999999833334,
        0.74999999994375
      ],
      "Phragmen": [
        0.9999999999875,
        0.999999999990909,
        0.9166666666628472,
        0.9999999999785715,
        0.79999999996
      ],
      "PAV": [
        0.9999999999944446,
        0.9999999999863639,
        0.9999999999954544,
        0.99999999995,
        0.9999999998833333
      ]
    }
  }
}