{
  "case_id": "case5_alpha_20",
  "saved_at": "2026-04-30T08:47:43",
  "params": {
    "alpha": 20.0,
    "n": 100,
    "alpha_values": [
      5.0,
      10.0,
      20.0
    ],
    "m_values": [
      4,
      8,
      12,
      16,
      20
    ],
    "budget_values": [
      8.0,
      16.0,
      24.0,
      32.0,
      40.0
    ],
    "quality_range": [
      0,
      2
    ],
    "utility_type": "normal"
  },
  "raw_data": {
    "(4, 8.0)": {
      "AV": [
        0.9999999998833333,
        0.9999999999954546,
        0.9999999999714285,
        0.9999999999714285,
        0.9999999999944443
      ],
      "AV/Cost": [
        0.9999999998833333,
        0.9999999999966666,
        0.9999999999666667,
        0.9999999999812501,
        0.9999999999944443
      ],
      "GC": [
        0.9999999998833333,
        1.0,
        0.9999999999642857,
        0.9999999999812501,
        0.9999999999785715
      ],
      "MES": [
        0.9999999998833333,
        1.0,
        0.9999999999875,
        0.44444444443703707,
        0.9999999999944446
      ],
      "MES+AV": [
        0.9999999998,
        0.9999999999888889,
        0.9999999999958334,
        0.9999999998833333,
        1.0
      ],
      "MES+Phragmen": [
        0.99999999995,
        1.0,
        0.9999999999714285,
        0.999999999925,
        0.9999999999875
      ],
      "Phragmen": [
        0.9999999998,
        1.0,
        0.99999999995,
        0.9999999999785715,
        0.9999999999875
      ],
      "PAV": [
        0.9999999998,
        0.9999999999961537,
        0.9999999999750002,
        0.9999999999875,
        0.9999999999944443
      ]
    },
    "(8, 16.0)": {
      "AV": [
        1.0,
        0.9333333333333333,
        0.9642857142857143,
        1.0,
        1.0
      ],
      "AV/Cost": [
        1.0,
        1.0,
        0.8695652173913043,
        0.9999999999958332,
        1.0
      ],
      "GC": [
        1.0,
        0.88,
        0.9523809523809523,
        1.0,
        1.0
      ],
      "MES": [
        1.0,
        0.8695652173913043,
        0.7307692307692307,
        1.0,
        0.5714285714285714
      ],
      "MES+AV": [
        1.0,
        0.9130434782588847,
        0.92,
        0.9999999999961537,
        1.0
      ],
      "MES+Phragmen": [
        1.0,
        1.0,
        0.9545454545454546,
        0.9444444444444444,
        1.0
      ],
      "Phragmen": [
        1.0,
        0.95,
        0.84,
        1.0,
        1.0
      ],
      "PAV": [
        1.0,
        0.8260869565217391,
        1.0,
        0.9999999999961537,
        1.0
      ]
    },
    "(12, 24.0)": {
      "AV": [
        0.84,
        0.8780487804878049,
        0.875,
        0.9166666666666666,
        0.7333333333333333
      ],
      "AV/Cost": [
        1.0,
        1.0,
        0.88,
        1.0,
        1.0
      ],
      "GC": [
        0.88,
        0.7333333333333333,
        0.8260869565217391,
        0.8108108108108109,
        0.8709677419354839
      ],
      "MES": [
        0.88,
        0.9318181818181818,
        0.8148148148148148,
        0.9444444444444444,
        0.90625
      ],
      "MES+AV": [
        1.0,
        1.0,
        0.9545454545454546,
        0.9487179487179487,
        0.9655172413793104
      ],
      "MES+Phragmen": [
        1.0,
        1.0,
        0.9583333333333334,
        1.0,
        1.0
      ],
      "Phragmen": [
        0.9583333333333334,
        0.9761904761904762,
        0.9166666666666666,
        0.975609756097561,
        1.0
      ],
      "PAV": [
        0.9166666666666666,
        0.8947368421052632,
        0.8620689655172413,
        0.9302325581395349,
        0.8214285714285714
      ]
    },
    "(16, 32.0)": {
      "AV": [
        0.8611111111111112,
        0.8627450980392157,
        0.7843137254901961,
        0.6808510638297872,
        0.9210526315789473
      ],
      "AV/Cost": [
        0.9736842105263158,
        1.0,
        0.98,
        0.9333333333333333,
        0.8918918918918919
      ],
      "GC": [
        0.8125,
        0.6538461538461539,
        0.6136363636363636,
        0.6875,
        0.6842105263157895
      ],
      "MES": [
        0.85,
        0.8076923076923077,
        0.9285714285714286,
        0.9433962264150944,
        0.8648648648648649
      ],
      "MES+AV": [
        0.9743589743589743,
        0.9814814814814815,
        0.9375,
        0.9375,
        0.925
      ],
      "MES+Phragmen": [
        1.0,
        0.95,
        0.9555555555555556,
        0.9791666666666666,
        0.8571428571428571
      ],
      "Phragmen": [
        0.9705882352941176,
        0.9642857142857143,
        0.9807692307692307,
        0.9795918367346939,
        0.9393939393939394
      ]
    },
    "(20, 40.0)": {
      "AV": [
        0.851063829787234,
        0.9428571428571428,
        0.8135593220338984,
        0.8245614035087719,
        0.8958333333333334
      ],
      "AV/Cost": [
        0.9574468085106383,
        0.9384615384615385,
        0.9827586206896551,
        0.95,
        0.8
      ],
      "GC": [
        0.6956521739130435,
        0.6901408450704225,
        0.6666666666666666,
        0.5833333333333334,
        0.627906976744186
      ],
      "MES": [
        0.9285714285714286,
        0.8923076923076924,
        0.9491525423728814,
        0.9090909090909091,
        0.8478260869565217
      ],
      "MES+AV": [
        0.9361702127659575,
        0.9142857142857143,
        1.0,
        0.9636363636363636,
        0.9
      ],
      "MES+Phragmen": [
        0.926829268292683,
        1.0,
        0.9473684210526315,
        0.9661016949152542,
        0.813953488372093
      ],
      "Phragmen": [
        0.975609756097561,
        0.9142857142857143,
        1.0,
        1.0,
        0.9
      ]
    }
  }
}