{
  "case_id": "case3b_ratio_0p6666666666666666",
  "saved_at": "2026-04-30T08:45:49",
  "params": {
    "ratio": 0.6666666666666666,
    "n": 100,
    "m": 8,
    "alpha_values": [
      5.0,
      10.0,
      15.0,
      20.0,
      25.0,
      30.0
    ],
    "ratios_budget_over_alpha_plus_one": [
      0.5,
      0.3333333333333333,
      0.6666666666666666,
      0.25,
      0.75
    ],
    "quality_range": [
      0,
      2
    ],
    "utility_type": "normal"
  },
  "raw_data": {
    "5.0": {
      "AV": [
        0.7777777777777778,
        0.9285714285714286,
        0.9523809523809523,
        0.9285714285714286,
        1.0
      ],
      "AV/Cost": [
        1.0,
        1.0,
        1.0,
        0.8181818181780991,
        1.0
      ],
      "GC": [
        0.8333333333333334,
        0.85,
        0.8888888888888888,
        1.0,
        1.0
      ],
      "MES": [
        0.625,
        0.6842105263157895,
        1.0,
        0.9166666666666666,
        0.6666666666666666
      ],
      "MES+AV": [
        1.0,
        0.9999999999968749,
        1.0,
        0.9999999999958332,
        1.0
      ],
      "MES+Phragmen": [
        1.0,
        1.0,
        1.0,
        0.9375,
        1.0
      ],
      "Phragmen": [
        1.0,
        0.9411764705882353,
        1.0,
        0.8461538461538461,
        1.0
      ],
      "PAV": [
        0.7368421052631579,
        0.7647058823529411,
        1.0,
        0.9999999999958332,
        1.0
      ]
    },
    "10.0": {
      "AV": [
        0.7777777777777778,
        0.9999999999964286,
        0.9523809523809523,
        0.9230769230698225,
        0.9999999999949999
      ],
      "AV/Cost": [
        1.0,
        1.0,
        0.9473684210526315,
        0.9999999999833334,
        1.0
      ],
      "GC": [
        0.8333333333333334,
        1.0,
        1.0,
        0.9999999999958332,
        1.0
      ],
      "MES": [
        0.9375,
        0.8947368421029085,
        1.0,
        0.8461538461538461,
        0.6153846153822485
      ],
      "MES+AV": [
        1.0,
        0.944444444441821,
        1.0,
        0.9999999999961537,
        1.0
      ],
      "MES+Phragmen": [
        1.0,
        1.0,
        0.9523809523809523,
        0.9999999999968749,
        0.999999999977778
      ],
      "Phragmen": [
        1.0,
        0.944444444441821,
        1.0,
        0.999999999990909,
        0.9999999999916667
      ],
      "PAV": [
        0.7368421052631579,
        0.9999999999900002,
        1.0,
        0.999999999990909,
        1.0
      ]
    },
    "15.0": {
      "AV": [
        0.7777777777777778,
        0.9999999999964286,
        1.0,
        0.9230769230698225,
        0.9999999999888889
      ],
      "AV/Cost": [
        1.0,
        0.8888888888888888,
        0.9473684210526315,
        0.9999999999833334,
        0.9999999999928572
      ],
      "GC": [
        0.8333333333333334,
        0.9565217391304348,
        1.0,
        0.9999999999958332,
        1.0
      ],
      "MES": [
        1.0,
        0.8999999999977499,
        1.0,
        0.9230769230769231,
        0.6666666666611111
      ],
      "MES+AV": [
        1.0,
        0.8999999999977499,
        1.0,
        0.9999999999961537,
        0.9999999999966666
      ],
      "MES+Phragmen": [
        1.0,
        1.0,
        0.9523809523809523,
        0.9999999999968749,
        0.999999999977778
      ],
      "Phragmen": [
        1.0,
        0.9999999999973683,
        1.0,
        0.999999999990909,
        0.9999999999916667
      ],
      "PAV": [
        0.7368421052631579,
        0.9999999999906253,
        1.0,
        0.999999999990909,
        0.9999999999949999
      ]
    },
    "20.0": {
      "AV": [
        0.7777777777777778,
        0.9999999999964286,
        0.8695652173913043,
        0.9230769230698225,
        0.9999999999888889
      ],
      "AV/Cost": [
        1.0,
        0.8888888888888888,
        0.95,
        0.9999999999833334,
        0.9999999999928572
      ],
      "GC": [
        0.8333333333333334,
        0.9565217391304348,
        0.85,
        0.9999999999958332,
        1.0
      ],
      "MES": [
        1.0,
        0.949999999997625,
        0.95,
        1.0,
        0.6666666666611111
      ],
      "MES+AV": [
        1.0,
        0.8999999999977499,
        0.9090909090909091,
        0.9999999999961537,
        0.9999999999966666
      ],
      "MES+Phragmen": [
        1.0,
        1.0,
        1.0,
        0.9999999999968749,
        0.999999999977778
      ],
      "Phragmen": [
        1.0,
        0.9999999999973683,
        0.9545454545454546,
        0.999999999990909,
        0.9999999999916667
      ],
      "PAV": [
        0.7368421052631579,
        0.9999999999906253,
        1.0,
        0.999999999990909,
        0.9999999999949999
      ]
    },
    "25.0": {
      "AV": [
        0.7777777777777778,
        0.9999999999964286,
        0.8695652173913043,
        0.9999999999923077,
        0.9999999999888889
      ],
      "AV/Cost": [
        1.0,
        0.8888888888888888,
        0.95,
        0.9999999999833334,
        0.9999999999928572
      ],
      "GC": [
        0.8333333333333334,
        0.92,
        0.85,
        0.9999999999958332,
        1.0
      ],
      "MES": [
        1.0,
        0.8636363636344008,
        0.95,
        1.0,
        0.6666666666611111
      ],
      "MES+AV": [
        1.0,
        0.9090909090888429,
        0.9090909090909091,
        0.9999999999961537,
        0.9999999999966666
      ],
      "MES+Phragmen": [
        1.0,
        0.9523809523809523,
        1.0,
        0.9999999999968749,
        0.999999999977778
      ],
      "Phragmen": [
        1.0,
        0.9999999999973683,
        0.9545454545454546,
        0.999999999990909,
        0.9999999999916667
      ],
      "PAV": [
        0.7368421052631579,
        0.9999999999916669,
        1.0,
        0.999999999990909,
        0.9999999999949999
      ]
    },
    "30.0": {
      "AV": [
        0.7777777777777778,
        0.9999999999964286,
        0.8333333333333334,
        0.9999999999923077,
        0.9999999999888889
      ],
      "AV/Cost": [
        1.0,
        0.8888888888888888,
        0.9090909090909091,
        0.9999999999833334,
        0.9999999999928572
      ],
      "GC": [
        0.8333333333333334,
        0.92,
        0.9,
        0.9999999999958332,
        1.0
      ],
      "MES": [
        1.0,
        0.8181818181799586,
        0.95,
        1.0,
        0.6666666666611111
      ],
      "MES+AV": [
        1.0,
        0.9090909090888429,
        1.0,
        0.9999999999961537,
        0.9999999999966666
      ],
      "MES+Phragmen": [
        1.0,
        0.9523809523809523,
        1.0,
        0.9999999999968749,
        0.999999999977778
      ],
      "Phragmen": [
        1.0,
        0.9999999999973683,
        0.9545454545454546,
        0.999999999990909,
        0.9999999999916667
      ],
      "PAV": [
        0.7368421052631579,
        0.9999999999916669,
        1.0,
        0.999999999990909,
        0.9999999999949999
      ]
    }
  }
}