{
  "case_id": "case3b_ratio_0p3333333333333333",
  "saved_at": "2026-04-30T08:45:40",
  "params": {
    "ratio": 0.3333333333333333,
    "n": 100,
    "m": 8,
    "alpha_values": [
      5.0,
      10.0,
      15.0,
      20.0,
      25.0,
      30.0
    ],
    "ratios_budget_over_alpha_plus_one": [
      0.5,
      0.3333333333333333,
      0.6666666666666666,
      0.25,
      0.75
    ],
    "quality_range": [
      0,
      2
    ],
    "utility_type": "normal"
  },
  "raw_data": {
    "5.0": {
      "AV": [
        0.9999999999875,
        0.9999999999666667,
        1.0,
        0.9999999999875,
        0.99999999995
      ],
      "AV/Cost": [
        0.9999999999666667,
        0.9999999999944443,
        0.9999999999944443,
        0.99999999995,
        0.9999999999785715
      ],
      "GC": [
        0.9999999999875,
        1.0,
        0.9999999999875,
        0.99999999995,
        0.9999999999785715
      ],
      "MES": [
        0.9999999999666667,
        0.9999999999875,
        0.9,
        0.8333333333055556,
        0.6666666666444444
      ],
      "MES+AV": [
        0.9999999999785715,
        0.9999999999875002,
        0.9999999999944446,
        0.99999999995,
        0.9999999999785715
      ],
      "MES+Phragmen": [
        1.0,
        0.9999999999833334,
        0.9999999999875,
        0.9999999999785715,
        0.999999999925
      ],
      "Phragmen": [
        0.9999999999875,
        0.9999999999875,
        0.9999999999944443,
        0.9999999999785715,
        0.99999999995
      ],
      "PAV": [
        0.9999999999944446,
        0.9999999999785715,
        0.9999999999944443,
        0.99999999995,
        0.9999999998833333
      ]
    },
    "10.0": {
      "AV": [
        0.9999999999875,
        0.9999999999666667,
        0.8333333333333334,
        0.899999999991,
        0.99999999995
      ],
      "AV/Cost": [
        0.9999999999666667,
        0.9999999999944443,
        0.9999999999954544,
        0.8571428571244898,
        0.9999999999785715
      ],
      "GC": [
        0.9999999999875,
        1.0,
        0.8888888888790123,
        0.99999999999,
        0.9999999999785715
      ],
      "MES": [
        0.9999999999666667,
        0.99999999999,
        1.0,
        0.6,
        0.6666666666444444
      ],
      "MES+AV": [
        0.9999999999785715,
        0.9999999999900002,
        0.9999999999950001,
        0.9999999999954544,
        0.9999999999785715
      ],
      "MES+Phragmen": [
        1.0,
        0.9999999999850001,
        0.999999999990909,
        0.9090909090867768,
        0.999999999925
      ],
      "Phragmen": [
        0.9999999999875,
        0.999999999990909,
        0.9999999999958334,
        0.8749999999890625,
        0.99999999995
      ],
      "PAV": [
        0.9999999999944446,
        0.8999999999865,
        0.9999999999954544,
        0.9999999999785715,
        0.9999999998833333
      ]
    },
    "15.0": {
      "AV": [
        0.9999999999875,
        0.9999999999944443,
        1.0,
        0.899999999991,
        0.99999999995
      ],
      "AV/Cost": [
        0.9999999999666667,
        0.9,
        0.9999999999958332,
        0.7142857142704082,
        0.9999999999863637
      ],
      "GC": [
        0.9999999999875,
        1.0,
        0.9090909090826447,
        0.99999999999,
        0.9999999999812501
      ],
      "MES": [
        0.9999999999666667,
        0.9090909090867768,
        0.5263157894736842,
        0.6,
        0.6249999999843752
      ],
      "MES+AV": [
        0.9999999999785715,
        0.9090909090867769,
        0.9333333333302223,
        0.6363636363607438,
        0.9999999999833334
      ],
      "MES+Phragmen": [
        1.0,
        0.8,
        0.9999999999916667,
        0.8181818181780991,
        0.99999999994
      ],
      "Phragmen": [
        0.9999999999875,
        0.9166666666628472,
        0.9999999999966668,
        0.8749999999890625,
        0.99999999995
      ],
      "PAV": [
        0.9999999999944446,
        0.9999999999863639,
        0.9999999999968749,
        0.9999999999785715,
        0.9999999998833333
      ]
    },
    "20.0": {
      "AV": [
        0.9999999999875,
        0.9999999999949999,
        1.0,
        0.899999999991,
        0.99999999995
      ],
      "AV/Cost": [
        0.9999999999666667,
        0.6923076923076923,
        0.9999999999958332,
        0.7142857142704082,
        0.9999999999863637
      ],
      "GC": [
        0.9999999999875,
        1.0,
        0.9090909090826447,
        0.99999999999,
        0.9999999999812501
      ],
      "MES": [
        0.9999999999666667,
        0.7692307692278106,
        0.631578947368421,
        0.6,
        0.7499999999812502
      ],
      "MES+AV": [
        0.9999999999785715,
        0.7692307692278108,
        0.8666666666637778,
        0.6363636363607438,
        0.9999999999833334
      ],
      "MES+Phragmen": [
        1.0,
        0.8,
        0.9999999999916667,
        0.8181818181780991,
        0.99999999994
      ],
      "Phragmen": [
        0.9999999999875,
        0.9166666666628472,
        0.9999999999966668,
        0.8749999999890625,
        0.99999999995
      ],
      "PAV": [
        0.9999999999944446,
        0.9999999999863639,
        0.9999999999968749,
        0.9999999999785715,
        0.9999999998833333
      ]
    },
    "25.0": {
      "AV": [
        0.9999999999875,
        0.9999999999949999,
        1.0,
        0.899999999991,
        0.99999999995
      ],
      "AV/Cost": [
        0.9999999999666667,
        0.6923076923076923,
        0.9999999999964285,
        0.7142857142704082,
        0.9999999999863637
      ],
      "GC": [
        0.9999999999875,
        1.0,
        0.9999999999916667,
        0.99999999999,
        0.9999999999812501
      ],
      "MES": [
        0.9999999999666667,
        0.7692307692278106,
        0.6842105263157895,
        0.6,
        0.7499999999812502
      ],
      "MES+AV": [
        0.9999999999785715,
        0.7692307692278108,
        0.9999999999968749,
        0.6363636363607438,
        0.9999999999833334
      ],
      "MES+Phragmen": [
        1.0,
        0.8,
        0.9999999999928572,
        0.8181818181780991,
        0.99999999994
      ],
      "Phragmen": [
        0.9999999999875,
        0.9166666666628472,
        0.9999999999966668,
        0.8749999999890625,
        0.99999999995
      ],
      "PAV": [
        0.9999999999944446,
        0.9999999999863639,
        0.9999999999968749,
        0.9999999999785715,
        0.9999999998833333
      ]
    },
    "30.0": {
      "AV": [
        0.9999999999875,
        0.9999999999949999,
        1.0,
        0.899999999991,
        0.99999999995
      ],
      "AV/Cost": [
        0.9999999999666667,
        0.8571428571428571,
        0.9999999999964285,
        0.7142857142704082,
        0.9999999999863637
      ],
      "GC": [
        0.9999999999875,
        1.0,
        0.9999999999916667,
        0.99999999999,
        0.9999999999812501
      ],
      "MES": [
        0.9999999999666667,
        0.6666666666644444,
        0.5789473684210527,
        0.6,
        0.7499999999812502
      ],
      "MES+AV": [
        0.9999999999785715,
        0.7999999999973334,
        0.9999999999968749,
        0.6363636363607438,
        0.9999999999833334
      ],
      "MES+Phragmen": [
        1.0,
        0.75,
        0.9999999999928572,
        0.8181818181780991,
        0.99999999994
      ],
      "Phragmen": [
        0.9999999999875,
        0.9230769230733729,
        0.9999999999966668,
        0.8749999999890625,
        0.99999999995
      ],
      "PAV": [
        0.9999999999944446,
        0.9999999999884618,
        0.9999999999968749,
        0.9999999999785715,
        0.9999999998833333
      ]
    }
  }
}