{
  "case_id": "case1c",
  "saved_at": "2026-04-30T08:44:32",
  "params": {
    "label": "c",
    "alpha": null,
    "budget": 1060000.0,
    "fixed_cost_scale": 1000.0,
    "fixed_costs": [
      250000.0,
      75000.0,
      150000.0,
      250000.0,
      75000.0,
      60000.0,
      200000.0,
      350000.0,
      150000.0,
      200000.0,
      45000.0,
      15000.0,
      30000.0,
      12000.0,
      150000.0,
      20000.0,
      250000.0,
      60000.0,
      110000.0,
      20000.0
    ]
  },
  "raw_data": {
    "10": {
      "AV": [
        1.0,
        0.9375
      ],
      "AV/Cost": [
        0.9736842105263158,
        0.8918918918918919
      ],
      "GC": [
        0.4411764705882353,
        0.5555555555555556
      ],
      "MES": [
        0.875,
        0.8787878787878788
      ],
      "MES+AV": [
        0.972972972972973,
        0.90625
      ],
      "MES+Phragmen": [
        0.8888888888888888,
        0.9117647058823529
      ],
      "Phragmen": [
        0.8484848484848485,
        0.9444444444444444
      ]
    },
    "20": {
      "AV": [
        0.9428571428571428,
        0.9722222222222222
      ],
      "AV/Cost": [
        0.9302325581395349,
        0.8787878787878788
      ],
      "GC": [
        0.5263157894736842,
        0.625
      ],
      "MES": [
        0.9230769230769231,
        0.896551724137931
      ],
      "MES+AV": [
        0.9705882352941176,
        1.0
      ],
      "MES+Phragmen": [
        1.0,
        0.9473684210526315
      ],
      "Phragmen": [
        0.9142857142857143,
        0.9696969696969697
      ]
    },
    "30": {
      "AV": [
        1.0,
        1.0
      ],
      "AV/Cost": [
        0.9090909090909091,
        0.9090909090909091
      ],
      "GC": [
        0.4878048780487805,
        0.5833333333333334
      ],
      "MES": [
        0.9428571428571428,
        0.8787878787878788
      ],
      "MES+AV": [
        0.972972972972973,
        0.8787878787878788
      ],
      "MES+Phragmen": [
        0.9210526315789473,
        0.9117647058823529
      ],
      "Phragmen": [
        0.9487179487179487,
        0.9166666666666666
      ]
    },
    "40": {
      "AV": [
        1.0,
        0.9142857142857143
      ],
      "AV/Cost": [
        0.9166666666666666,
        0.8787878787878788
      ],
      "GC": [
        0.6451612903225806,
        0.48484848484848486
      ],
      "MES": [
        0.9285714285714286,
        0.90625
      ],
      "MES+AV": [
        0.8857142857142857,
        0.9428571428571428
      ],
      "MES+Phragmen": [
        0.9117647058823529,
        0.875
      ],
      "Phragmen": [
        0.918918918918919,
        0.96875
      ]
    },
    "50": {
      "AV": [
        1.0,
        0.9310344827586207
      ],
      "AV/Cost": [
        0.9473684210526315,
        0.9032258064516129
      ],
      "GC": [
        0.4594594594594595,
        0.6285714285714286
      ],
      "MES": [
        0.8888888888888888,
        0.9166666666666666
      ],
      "MES+AV": [
        0.9411764705882353,
        0.9117647058823529
      ],
      "MES+Phragmen": [
        0.9444444444444444,
        0.926829268292683
      ],
      "Phragmen": [
        0.8918918918918919,
        0.9375
      ]
    },
    "60": {
      "AV": [
        0.9375,
        1.0
      ],
      "AV/Cost": [
        0.9166666666666666,
        0.95
      ],
      "GC": [
        0.48484848484848486,
        0.5454545454545454
      ],
      "MES": [
        0.9032258064516129,
        0.9090909090909091
      ],
      "MES+AV": [
        0.9428571428571428,
        0.8787878787878788
      ],
      "MES+Phragmen": [
        0.9714285714285714,
        0.8823529411764706
      ],
      "Phragmen": [
        0.9428571428571428,
        0.9166666666666666
      ]
    },
    "70": {
      "AV": [
        1.0,
        0.8181818181818182
      ],
      "AV/Cost": [
        0.972972972972973,
        0.9428571428571428
      ],
      "GC": [
        0.4117647058823529,
        0.6129032258064516
      ],
      "MES": [
        0.9444444444444444,
        0.9629629629629629
      ],
      "MES+AV": [
        0.967741935483871,
        1.0
      ],
      "MES+Phragmen": [
        0.9722222222222222,
        0.9
      ],
      "Phragmen": [
        1.0,
        0.9166666666666666
      ]
    },
    "80": {
      "AV": [
        1.0,
        0.9705882352941176
      ],
      "AV/Cost": [
        0.9210526315789473,
        0.8928571428571429
      ],
      "GC": [
        0.5,
        0.6410256410256411
      ],
      "MES": [
        0.9117647058823529,
        0.9117647058823529
      ],
      "MES+AV": [
        1.0,
        0.9428571428571428
      ],
      "MES+Phragmen": [
        0.972972972972973,
        0.8787878787878788
      ],
      "Phragmen": [
        0.9705882352941176,
        0.9166666666666666
      ]
    },
    "90": {
      "AV": [
        1.0,
        0.9714285714285714
      ],
      "AV/Cost": [
        0.9444444444444444,
        0.9411764705882353
      ],
      "GC": [
        0.5,
        0.5483870967741935
      ],
      "MES": [
        0.9166666666666666,
        0.9090909090909091
      ],
      "MES+AV": [
        0.9736842105263158,
        0.9142857142857143
      ],
      "MES+Phragmen": [
        0.9428571428571428,
        0.8648648648648649
      ],
      "Phragmen": [
        0.9142857142857143,
        0.8888888888888888
      ]
    },
    "100": {
      "AV": [
        0.9411764705882353,
        0.8055555555555556
      ],
      "AV/Cost": [
        0.9354838709677419,
        0.9375
      ],
      "GC": [
        0.6,
        0.5
      ],
      "MES": [
        0.9210526315789473,
        0.8709677419354839
      ],
      "MES+AV": [
        0.9444444444444444,
        0.9310344827586207
      ],
      "MES+Phragmen": [
        1.0,
        0.972972972972973
      ],
      "Phragmen": [
        0.9444444444444444,
        0.9
      ]
    },
    "110": {
      "AV": [
        0.9142857142857143,
        0.8378378378378378
      ],
      "AV/Cost": [
        0.9736842105263158,
        0.8888888888888888
      ],
      "GC": [
        0.5263157894736842,
        0.59375
      ],
      "MES": [
        0.8918918918918919,
        0.8857142857142857
      ],
      "MES+AV": [
        0.972972972972973,
        0.9090909090909091
      ],
      "MES+Phragmen": [
        0.9459459459459459,
        1.0
      ],
      "Phragmen": [
        0.9705882352941176,
        0.918918918918919
      ]
    },
    "120": {
      "AV": [
        0.9761904761904762,
        0.9142857142857143
      ],
      "AV/Cost": [
        0.9743589743589743,
        0.90625
      ],
      "GC": [
        0.5405405405405406,
        0.5588235294117647
      ],
      "MES": [
        0.9696969696969697,
        0.9354838709677419
      ],
      "MES+AV": [
        1.0,
        0.9090909090909091
      ],
      "MES+Phragmen": [
        0.918918918918919,
        0.8857142857142857
      ],
      "Phragmen": [
        0.9166666666666666,
        0.8387096774193549
      ]
    },
    "130": {
      "AV": [
        1.0,
        0.8571428571428571
      ],
      "AV/Cost": [
        0.9743589743589743,
        0.8529411764705882
      ],
      "GC": [
        0.6216216216216216,
        0.5483870967741935
      ],
      "MES": [
        0.875,
        0.90625
      ],
      "MES+AV": [
        0.9722222222222222,
        0.9354838709677419
      ],
      "MES+Phragmen": [
        0.9375,
        0.8857142857142857
      ],
      "Phragmen": [
        0.875,
        0.9166666666666666
      ]
    },
    "140": {
      "AV": [
        1.0,
        0.9666666666666667
      ],
      "AV/Cost": [
        1.0,
        0.8787878787878788
      ],
      "GC": [
        0.5348837209302325,
        0.6944444444444444
      ],
      "MES": [
        0.9230769230769231,
        0.9166666666666666
      ],