{
  "case_id": "case3a",
  "saved_at": "2026-04-30T08:45:29",
  "params": {
    "n": 100,
    "m": 8,
    "budget": 40.0,
    "alpha_values": [
      5.0,
      10.0,
      15.0,
      20.0,
      25.0,
      30.0
    ],
    "quality_range": [
      0,
      2
    ],
    "utility_type": "normal"
  },
  "raw_data": {
    "5.0": {
      "AV": [
        1.0,
        1.0,
        1.0,
        1.0,
        1.0
      ],
      "AV/Cost": [
        1.0,
        1.0,
        1.0,
        0.999999999997619,
        1.0
      ],
      "GC": [
        1.0,
        1.0,
        1.0,
        1.0,
        1.0
      ],
      "MES": [
        1.0,
        1.0,
        1.0,
        1.0,
        1.0
      ],
      "MES+AV": [
        1.0,
        0.9999999999983871,
        1.0,
        1.0,
        1.0
      ],
      "MES+Phragmen": [
        1.0,
        1.0,
        1.0,
        1.0,
        1.0
      ],
      "Phragmen": [
        1.0,
        1.0,
        1.0,
        1.0,
        1.0
      ],
      "PAV": [
        1.0,
        1.0,
        1.0,
        1.0,
        1.0
      ]
    },
    "10.0": {
      "AV": [
        1.0,
        1.0,
        1.0,
        1.0,
        1.0
      ],
      "AV/Cost": [
        1.0,
        1.0,
        1.0,
        0.999999999997619,
        1.0
      ],
      "GC": [
        0.85,
        1.0,
        1.0,
        0.96875,
        0.7777777777777778
      ],
      "MES": [
        1.0,
        1.0,
        1.0,
        1.0,
        1.0
      ],
      "MES+AV": [
        1.0,
        0.9999999999983871,
        1.0,
        1.0,
        1.0
      ],
      "MES+Phragmen": [
        1.0,
        1.0,
        1.0,
        1.0,
        1.0
      ],
      "Phragmen": [
        1.0,
        1.0,
        1.0,
        1.0,
        1.0
      ],
      "PAV": [
        1.0,
        1.0,
        1.0,
        1.0,
        1.0
      ]
    },
    "15.0": {
      "AV": [
        1.0,
        1.0,
        1.0,
        1.0,
        0.9666666666666667
      ],
      "AV/Cost": [
        0.975609756097561,
        1.0,
        1.0,
        0.999999999997619,
        1.0
      ],
      "GC": [
        0.7777777777777778,
        1.0,
        0.9714285714285714,
        0.9,
        0.8857142857142857
      ],
      "MES": [
        0.9210526315789473,
        1.0,
        1.0,
        0.9666666666666667,
        0.9166666666666666
      ],
      "MES+AV": [
        0.972972972972973,
        0.96774193548231,
        1.0,
        1.0,
        1.0
      ],
      "MES+Phragmen": [
        1.0,
        1.0,
        1.0,
        1.0,
        1.0
      ],
      "Phragmen": [
        1.0,
        1.0,
        1.0,
        1.0,
        1.0
      ],
      "PAV": [
        0.9767441860465116,
        1.0,
        1.0,
        1.0,
        1.0
      ]
    },
    "20.0": {
      "AV": [
        0.9705882352941176,
        1.0,
        1.0,
        1.0,
        0.96
      ],
      "AV/Cost": [
        1.0,
        1.0,
        0.9743589743589743,
        0.9523809523786848,
        0.967741935483871
      ],
      "GC": [
        0.8125,
        0.9393939393939394,
        0.9705882352941176,
        0.8928571428571429,
        0.9285714285714286
      ],
      "MES": [
        1.0,
        1.0,
        1.0,
        0.8846153846153846,
        0.9285714285714286
      ],
      "MES+AV": [
        1.0,
        0.9999999999983333,
        1.0,
        1.0,
        1.0
      ],
      "MES+Phragmen": [
        1.0,
        0.96875,
        0.9743589743589743,
        0.967741935483871,
        1.0
      ],
      "Phragmen": [
        1.0,
        0.9655172413793104,
        1.0,
        0.9166666666666666,
        1.0
      ],
      "PAV": [
        0.9459459459459459,
        1.0,
        1.0,
        1.0,
        1.0
      ]
    },
    "25.0": {
      "AV": [
        1.0,
        1.0,
        1.0,
        1.0,
        0.9523809523809523
      ],
      "AV/Cost": [
        0.9666666666666667,
        1.0,
        1.0,
        0.9999999999970588,
        1.0
      ],
      "GC": [
        0.8518518518518519,
        1.0,
        0.96875,
        1.0,
        0.92
      ],
      "MES": [
        0.8620689655172413,
        1.0,
        0.972972972972973,
        0.9565217391304348,
        0.7692307692307693
      ],
      "MES+AV": [
        0.9642857142857143,
        0.9333333333317777,
        1.0,
        1.0,
        1.0
      ],
      "MES+Phragmen": [
        1.0,
        0.967741935483871,
        0.9444444444444444,
        1.0,
        1.0
      ],
      "Phragmen": [
        1.0,
        1.0,
        0.9473684210526315,
        1.0,
        1.0
      ],
      "PAV": [
        0.9090909090909091,
        1.0,
        1.0,
        1.0,
        0.9545454545454546
      ]
    },
    "30.0": {
      "AV": [
        0.9285714285714286,
        1.0,
        1.0,
        1.0,
        1.0
      ],
      "AV/Cost": [
        1.0,
        0.9565217391304348,
        0.9117647058823529,
        0.9999999999970588,
        1.0
      ],
      "GC": [
        0.7777777777777778,
        0.896551724137931,
        0.967741935483871,
        0.9090909090909091,
        0.9583333333333334
      ],
      "MES": [
        1.0,
        0.8571428571428571,
        0.8888888888888888,
        0.7391304347826086,
        0.8181818181818182
      ],
      "MES+AV": [
        1.0,
        0.8846153846136834,
        1.0,
        1.0,
        1.0
      ],
      "MES+Phragmen": [
        1.0,
        0.9310344827586207,
        1.0,
        1.0,
        1.0
      ],
      "Phragmen": [
        1.0,
        0.8571428571428571,
        1.0,
        1.0,
        1.0
      ],
      "PAV": [
        0.9285714285714286,
        1.0,
        1.0,
        1.0,
        0.9473684210526315
      ]
    }
  }
}