{
  "case_id": "case2",
  "saved_at": "2026-04-30T08:44:53",
  "params": {
    "n": 100,
    "m": 8,
    "alpha": 20.0,
    "budget_values": [
      20.0,
      30.0,
      40.0,
      50.0
    ],
    "quality_range": [
      0,
      2
    ],
    "utility_type": "normal"
  },
  "raw_data": {
    "20.0": {
      "AV": [
        0.7083333333333334,
        1.0,
        1.0,
        0.8333333333333334,
        0.8666666666666667
      ],
      "AV/Cost": [
        1.0,
        0.9473684210526315,
        0.9629629629629629,
        0.9285714285681121,
        0.95
      ],
      "GC": [
        0.9090909090909091,
        0.9259259259259259,
        0.9166666666666666,
        0.9444444444444444,
        1.0
      ],
      "MES": [
        0.6956521739130435,
        0.9166666666666666,
        0.896551724137931,
        0.8666666666666667,
        0.7777777777777778
      ],
      "MES+AV": [
        1.0,
        0.9999999999978261,
        1.0,
        1.0,
        1.0
      ],
      "MES+Phragmen": [
        1.0,
        0.9166666666666666,
        0.8888888888888888,
        1.0,
        0.9333333333333333
      ],
      "Phragmen": [
        1.0,
        0.9130434782608695,
        0.9259259259259259,
        1.0,
        0.9333333333333333
      ],
      "PAV": [
        0.7692307692307693,
        0.8333333333333334,
        1.0,
        0.9285714285714286,
        0.9230769230769231
      ]
    },
    "30.0": {
      "AV": [
        0.9285714285714286,
        1.0,
        1.0,
        1.0,
        1.0
      ],
      "AV/Cost": [
        1.0,
        1.0,
        1.0,
        0.9999999999970588,
        1.0
      ],
      "GC": [
        0.8148148148148148,
        1.0,
        0.90625,
        1.0,
        0.92
      ],
      "MES": [
        1.0,
        0.8064516129032258,
        0.9444444444444444,
        0.8695652173913043,
        0.782608695652174
      ],
      "MES+AV": [
        0.9629629629629629,
        0.9333333333317777,
        1.0,
        1.0,
        1.0
      ],
      "MES+Phragmen": [
        1.0,
        0.9666666666666667,
        0.9705882352941176,
        1.0,
        1.0
      ],
      "Phragmen": [
        0.9655172413793104,
        1.0,
        1.0,
        1.0,
        1.0
      ],
      "PAV": [
        0.9642857142857143,
        1.0,
        1.0,
        1.0,
        0.9
      ]
    },
    "40.0": {
      "AV": [
        0.9705882352941176,
        1.0,
        1.0,
        1.0,
        0.96
      ],
      "AV/Cost": [
        1.0,
        1.0,
        0.9743589743589743,
        0.9523809523786848,
        0.967741935483871
      ],
      "GC": [
        0.8125,
        0.9393939393939394,
        0.9705882352941176,
        0.8928571428571429,
        0.9285714285714286
      ],
      "MES": [
        1.0,
        1.0,
        1.0,
        0.8846153846153846,
        0.9285714285714286
      ],
      "MES+AV": [
        1.0,
        0.9999999999983333,
        1.0,
        1.0,
        1.0
      ],
      "MES+Phragmen": [
        1.0,
        0.96875,
        0.9743589743589743,
        0.967741935483871,
        1.0
      ],
      "Phragmen": [
        1.0,
        0.9655172413793104,
        1.0,
        0.9166666666666666,
        1.0
      ],
      "PAV": [
        0.9459459459459459,
        1.0,
        1.0,
        1.0,
        1.0
      ]
    },
    "50.0": {
      "AV": [
        0.9473684210526315,
        1.0,
        1.0,
        1.0,
        0.9666666666666667
      ],
      "AV/Cost": [
        1.0,
        1.0,
        1.0,
        0.999999999997619,
        1.0
      ],
      "GC": [
        0.7222222222222222,
        1.0,
        0.9714285714285714,
        0.8666666666666667,
        0.8571428571428571
      ],
      "MES": [
        1.0,
        0.96875,
        1.0,
        0.9333333333333333,
        0.9090909090909091
      ],
      "MES+AV": [
        1.0,
        0.96774193548231,
        1.0,
        1.0,
        1.0
      ],
      "MES+Phragmen": [
        1.0,
        1.0,
        1.0,
        0.9722222222222222,
        1.0
      ],
      "Phragmen": [
        0.9736842105263158,
        1.0,
        1.0,
        1.0,
        1.0
      ],
      "PAV": [
        0.9761904761904762,
        1.0,
        1.0,
        1.0,
        1.0
      ]
    }
  }
}