{
  "case_id": "case3b_ratio_0p5",
  "saved_at": "2026-04-30T08:45:36",
  "params": {
    "ratio": 0.5,
    "n": 100,
    "m": 8,
    "alpha_values": [
      5.0,
      10.0,
      15.0,
      20.0,
      25.0,
      30.0
    ],
    "ratios_budget_over_alpha_plus_one": [
      0.5,
      0.3333333333333333,
      0.6666666666666666,
      0.25,
      0.75
    ],
    "quality_range": [
      0,
      2
    ],
    "utility_type": "normal"
  },
  "raw_data": {
    "5.0": {
      "AV": [
        1.0,
        0.9999999999949999,
        0.8235294117647058,
        0.899999999991,
        0.99999999995
      ],
      "AV/Cost": [
        0.9,
        1.0,
        1.0,
        0.9999999999785715,
        0.9999999999863637
      ],
      "GC": [
        0.9999999999944446,
        1.0,
        0.8461538461538461,
        0.99999999999,
        0.9999999999812501
      ],
      "MES": [
        0.6,
        0.8461538461505916,
        0.5263157894736842,
        1.0,
        0.7499999999812502
      ],
      "MES+AV": [
        0.9,
        0.999999999996154,
        1.0,
        0.9999999999954544,
        0.9999999999833334
      ],
      "MES+Phragmen": [
        1.0,
        1.0,
        1.0,
        0.9999999999954544,
        0.99999999994
      ],
      "Phragmen": [
        0.9,
        0.9999999999958334,
        1.0,
        0.9999999999875,
        0.99999999995
      ],
      "PAV": [
        1.0,
        0.9999999999863639,
        0.8823529411764706,
        0.9999999999785715,
        0.9999999998833333
      ]
    },
    "10.0": {
      "AV": [
        1.0,
        0.9999999999949999,
        0.7894736842105263,
        0.99999999999,
        0.99999999995
      ],
      "AV/Cost": [
        0.6,
        1.0,
        1.0,
        0.9999999999785715,
        0.9999999999863637
      ],
      "GC": [
        0.9999999999944446,
        1.0,
        0.7857142857142857,
        0.99999999999,
        0.9999999999812501
      ],
      "MES": [
        0.6,
        0.8749999999972656,
        1.0,
        1.0,
        0.9999999999750002
      ],
      "MES+AV": [
        0.7,
        0.8749999999972656,
        0.9411764705882353,
        0.9999999999954544,
        0.9999999999833334
      ],
      "MES+Phragmen": [
        1.0,
        0.8888888888888888,
        0.9375,
        0.9999999999958332,
        0.99999999994
      ],
      "Phragmen": [
        0.8,
        0.9333333333302223,
        1.0,
        0.99999999999,
        0.99999999995
      ],
      "PAV": [
        1.0,
        0.9999999999884618,
        0.8823529411764706,
        0.9999999999812501,
        0.9999999998833333
      ]
    },
    "15.0": {
      "AV": [
        1.0,
        0.9999999999958334,
        0.8421052631578947,
        0.9999999999916667,
        0.99999999995
      ],
      "AV/Cost": [
        1.0,
        1.0,
        1.0,
        0.7777777777648149,
        0.9999999999863637
      ],
      "GC": [
        0.9999999999966668,
        1.0,
        0.8666666666666667,
        0.999999999990909,
        0.9999999999812501
      ],
      "MES": [
        0.4,
        0.8333333333310184,
        1.0,
        0.8333333333333334,
        0.9999999999750002
      ],
      "MES+AV": [
        1.0,
        0.9999999999968749,
        0.9411764705882353,
        0.9166666666628471,
        0.9999999999833334
      ],
      "MES+Phragmen": [
        1.0,
        0.9473684210526315,
        0.875,
        0.7999999999973333,
        0.99999999994
      ],
      "Phragmen": [
        0.9285714285714286,
        0.9374999999970702,
        1.0,
        0.9090909090826447,
        0.99999999995
      ],
      "PAV": [
        1.0,
        0.9999999999892859,
        0.9473684210526315,
        0.9999999999850001,
        0.9999999998833333
      ]
    },
    "20.0": {
      "AV": [
        1.0,
        0.9999999999958334,
        0.9523809523809523,
        0.9999999999916667,
        0.99999999995
      ],
      "AV/Cost": [
        1.0,
        1.0,
        0.9444444444444444,
        0.7777777777648149,
        0.9999999999863637
      ],
      "GC": [
        0.9999999999970588,
        1.0,
        0.8888888888888888,
        0.999999999990909,
        0.9999999999812501
      ],
      "MES": [
        0.375,
        0.7777777777756173,
        1.0,
        0.8333333333333334,
        0.9999999999750002
      ],
      "MES+AV": [
        1.0,
        0.944444444441821,
        0.8,
        0.9166666666628471,
        0.9999999999833334
      ],
      "MES+Phragmen": [
        1.0,
        0.95,
        0.7894736842105263,
        0.7999999999973333,
        0.99999999994
      ],
      "Phragmen": [
        1.0,
        0.944444444441821,
        0.8333333333333334,
        0.9090909090826447,
        0.99999999995
      ],
      "PAV": [
        1.0,
        0.9999999999892859,
        0.95,
        0.9999999999850001,
        0.9999999998833333
      ]
    },
    "25.0": {
      "AV": [
        1.0,
        0.9999999999958334,
        0.9523809523809523,
        0.9999999999923077,
        0.99999999995
      ],
      "AV/Cost": [
        1.0,
        1.0,
        0.9444444444444444,
        0.9999999999833334,
        0.9999999999863637
      ],
      "GC": [
        0.9999999999970588,
        1.0,
        0.8888888888888888,
        0.999999999990909,
        0.9999999999812501
      ],
      "MES": [
        0.375,
        0.8333333333310184,
        1.0,
        0.8333333333333334,
        0.9999999999750002
      ],
      "MES+AV": [
        1.0,
        0.944444444441821,
        0.8,
        0.9999999999961537,
        0.9999999999833334
      ],
      "MES+Phragmen": [
        1.0,
        0.95,
        0.7368421052631579,
        0.9999999999968749,
        0.99999999994
      ],
      "Phragmen": [
        1.0,
        0.944444444441821,
        0.8333333333333334,
        0.999999999990909,
        0.99999999995
      ],
      "PAV": [
        1.0,
        0.9999999999900002,
        0.95,
        0.9999999999850001,
        0.9999999998833333
      ]
    },
    "30.0": {
      "AV": [
        1.0,
        0.999999999996154,
        0.9523809523809523,
        0.9999999999923077,
        0.99999999995
      ],
      "AV/Cost": [
        1.0,
        1.0,
        0.9444444444444444,
        0.9999999999833334,
        0.9999999999863637
      ],
      "GC": [
        0.9999999999970588,
        1.0,
        0.8888888888888888,
        0.999999999990909,
        0.9999999999812501
      ],
      "MES": [
        0.375,
        0.7894736842084488,
        1.0,
        0.8333333333333334,
        0.9999999999750002
      ],
      "MES+AV": [
        1.0,
        0.9999999999972222,
        0.8,
        0.9999999999961537,
        0.9999999999833334
      ],
      "MES+Phragmen": [
        1.0,
        0.95,
        0.7368421052631579,
        0.9999999999968749,
        0.99999999994
      ],
      "Phragmen": [
        1.0,
        0.9999999999972222,
        0.8333333333333334,
        0.999999999990909,
        0.99999999995
      ],
      "PAV": [
        1.0,
        0.9999999999900002,
        0.95,
        0.9999999999850001,
        0.9999999998833333
      ]
    }
  }
}