{
  "case_id": "case5_alpha_5",
  "saved_at": "2026-04-30T08:46:44",
  "params": {
    "alpha": 5.0,
    "n": 100,
    "alpha_values": [
      5.0,
      10.0,
      20.0
    ],
    "m_values": [
      4,
      8,
      12,
      16,
      20
    ],
    "budget_values": [
      8.0,
      16.0,
      24.0,
      32.0,
      40.0
    ],
    "quality_range": [
      0,
      2
    ],
    "utility_type": "normal"
  },
  "raw_data": {
    "(4, 8.0)": {
      "AV": [
        0.99999999999,
        1.0,
        0.9999999999966668,
        0.9999999999850001,
        0.9999999999966666
      ],
      "AV/Cost": [
        0.9999999999888889,
        1.0,
        1.0,
        0.9999999999850002,
        0.9374999999970702
      ],
      "GC": [
        1.0,
        1.0,
        0.9999999999928573,
        0.9999999999850001,
        1.0
      ],
      "MES": [
        0.9999999999949999,
        1.0,
        0.7777777777777778,
        0.8461538461505917,
        1.0
      ],
      "MES+AV": [
        0.99999999999,
        1.0,
        1.0,
        0.8571428571061225,
        1.0
      ],
      "MES+Phragmen": [
        0.9230769230733727,
        1.0,
        1.0,
        0.99999999995,
        0.9999999999964286
      ],
      "Phragmen": [
        0.899999999991,
        1.0,
        1.0,
        0.9999999999888889,
        0.9999999999923077
      ],
      "PAV": [
        0.9999999999950001,
        1.0,
        1.0,
        0.999999999990909,
        1.0
      ]
    },
    "(8, 16.0)": {
      "AV": [
        1.0,
        1.0,
        0.9782608695652174,
        1.0,
        0.9444444444444444
      ],
      "AV/Cost": [
        1.0,
        1.0,
        1.0,
        0.999999999997619,
        1.0
      ],
      "GC": [
        0.6666666666666666,
        0.9705882352941176,
        0.9714285714285714,
        0.84375,
        0.7948717948717948
      ],
      "MES": [
        0.9523809523809523,
        1.0,
        1.0,
        0.967741935483871,
        1.0
      ],
      "MES+AV": [
        1.0,
        0.9999999999983871,
        1.0,
        1.0,
        1.0
      ],
      "MES+Phragmen": [
        1.0,
        1.0,
        1.0,
        1.0,
        1.0
      ],
      "Phragmen": [
        1.0,
        1.0,
        1.0,
        1.0,
        1.0
      ],
      "PAV": [
        1.0,
        1.0,
        1.0,
        1.0,
        0.9444444444444444
      ]
    },
    "(12, 24.0)": {
      "AV": [
        0.967741935483871,
        1.0,
        1.0,
        1.0,
        1.0
      ],
      "AV/Cost": [
        0.9827586206896551,
        1.0,
        1.0,
        1.0,
        1.0
      ],
      "GC": [
        0.7894736842105263,
        0.921875,
        0.90625,
        0.8148148148148148,
        0.8064516129032258
      ],
      "MES": [
        0.9830508474576272,
        1.0,
        1.0,
        0.9666666666666667,
        0.9836065573770492
      ],
      "MES+AV": [
        1.0,
        1.0,
        1.0,
        1.0,
        0.9836065573770492
      ],
      "MES+Phragmen": [
        1.0,
        1.0,
        1.0,
        1.0,
        0.9848484848484849
      ],
      "Phragmen": [
        1.0,
        1.0,
        1.0,
        1.0,
        1.0
      ],
      "PAV": [
        1.0,
        1.0,
        1.0,
        1.0,
        0.9841269841269841
      ]
    },
    "(16, 32.0)": {
      "AV": [
        1.0,
        1.0,
        1.0,
        1.0,
        0.9852941176470589
      ],
      "AV/Cost": [
        1.0,
        1.0,
        1.0,
        1.0,
        1.0
      ],
      "GC": [
        0.6571428571428571,
        0.8840579710144928,
        0.8648648648648649,
        0.813953488372093,
        0.6578947368421053
      ],
      "MES": [
        0.9863013698630136,
        1.0,
        1.0,
        0.9878048780487805,
        0.9577464788732394
      ],
      "MES+AV": [
        1.0,
        1.0,
        1.0,
        0.9882352941176471,
        1.0
      ],
      "MES+Phragmen": [
        1.0,
        1.0,
        1.0,
        1.0,
        1.0
      ],
      "Phragmen": [
        1.0,
        1.0,
        1.0,
        1.0,
        0.9848484848484849
      ]
    },
    "(20, 40.0)": {
      "AV": [
        1.0,
        1.0,
        1.0,
        1.0,
        1.0
      ],
      "AV/Cost": [
        0.9903846153846154,
        1.0,
        1.0,
        1.0,
        0.9866666666666667
      ],
      "GC": [
        0.6504854368932039,
        0.9009009009009009,
        0.8770491803278688,
        0.7614678899082569,
        0.6623376623376623
      ],
      "MES": [
        0.9693877551020408,
        1.0,
        1.0,
        1.0,
        0.9540229885057471
      ],
      "MES+AV": [
        0.981651376146789,
        1.0,
        1.0,
        1.0,
        1.0
      ],
      "MES+Phragmen": [
        0.9690721649484536,
        1.0,
        0.9821428571428571,
        1.0,
        1.0
      ],
      "Phragmen": [
        0.9896907216494846,
        1.0,
        1.0,
        1.0,
        1.0
      ]
    }
  }
}