{
  "case_id": "case3b_ratio_0p75",
  "saved_at": "2026-04-30T08:46:02",
  "params": {
    "ratio": 0.75,
    "n": 100,
    "m": 8,
    "alpha_values": [
      5.0,
      10.0,
      15.0,
      20.0,
      25.0,
      30.0
    ],
    "ratios_budget_over_alpha_plus_one": [
      0.5,
      0.3333333333333333,
      0.6666666666666666,
      0.25,
      0.75
    ],
    "quality_range": [
      0,
      2
    ],
    "utility_type": "normal"
  },
  "raw_data": {
    "5.0": {
      "AV": [
        0.7777777777777778,
        0.9285714285714286,
        0.8636363636363636,
        0.9285714285714286,
        0.9090909090909091
      ],
      "AV/Cost": [
        1.0,
        1.0,
        0.95,
        0.8181818181780991,
        1.0
      ],
      "GC": [
        0.8333333333333334,
        0.85,
        0.8421052631578947,
        1.0,
        1.0
      ],
      "MES": [
        0.9375,
        0.8947368421052632,
        1.0,
        0.9230769230769231,
        0.7857142857142857
      ],
      "MES+AV": [
        1.0,
        0.9999999999968749,
        1.0,
        0.9999999999958332,
        1.0
      ],
      "MES+Phragmen": [
        1.0,
        1.0,
        1.0,
        0.9375,
        1.0
      ],
      "Phragmen": [
        1.0,
        0.9411764705882353,
        1.0,
        0.8461538461538461,
        1.0
      ],
      "PAV": [
        0.7368421052631579,
        0.7777777777777778,
        0.95,
        0.9999999999958332,
        0.9090909090909091
      ]
    },
    "10.0": {
      "AV": [
        1.0,
        0.9333333333333333,
        0.8695652173913043,
        1.0,
        0.9090909090909091
      ],
      "AV/Cost": [
        1.0,
        0.8888888888888888,
        0.9047619047619048,
        0.8181818181780991,
        1.0
      ],
      "GC": [
        1.0,
        0.782608695652174,
        0.85,
        1.0,
        1.0
      ],
      "MES": [
        1.0,
        0.9047619047619048,
        0.95,
        1.0,
        0.6428571428571429
      ],
      "MES+AV": [
        1.0,
        0.8181818181799586,
        0.9545454545454546,
        0.9999999999961537,
        1.0
      ],
      "MES+Phragmen": [
        1.0,
        0.9523809523809523,
        1.0,
        0.9411764705882353,
        0.8461538461538461
      ],
      "Phragmen": [
        1.0,
        0.95,
        0.9545454545454546,
        0.8461538461538461,
        1.0
      ],
      "PAV": [
        1.0,
        0.7894736842105263,
        1.0,
        0.9999999999958332,
        0.9090909090909091
      ]
    },
    "15.0": {
      "AV": [
        1.0,
        0.9333333333333333,
        0.9166666666666666,
        1.0,
        0.9090909090909091
      ],
      "AV/Cost": [
        1.0,
        1.0,
        0.9090909090909091,
        0.9999999999958332,
        1.0
      ],
      "GC": [
        1.0,
        0.72,
        0.95,
        1.0,
        0.9333333333333333
      ],
      "MES": [
        1.0,
        0.8260869565217391,
        0.9047619047619048,
        1.0,
        0.6428571428571429
      ],
      "MES+AV": [
        1.0,
        0.869565217389414,
        1.0,
        0.9999999999961537,
        1.0
      ],
      "MES+Phragmen": [
        1.0,
        0.9523809523809523,
        1.0,
        0.9444444444444444,
        0.6923076923076923
      ],
      "Phragmen": [
        1.0,
        0.95,
        0.9130434782608695,
        1.0,
        0.8571428571428571
      ],
      "PAV": [
        1.0,
        0.7142857142857143,
        1.0,
        0.9999999999961537,
        0.9166666666666666
      ]
    },
    "20.0": {
      "AV": [
        1.0,
        0.9333333333333333,
        0.9642857142857143,
        1.0,
        1.0
      ],
      "AV/Cost": [
        1.0,
        1.0,
        0.8695652173913043,
        0.9999999999958332,
        1.0
      ],
      "GC": [
        1.0,
        0.88,
        0.9523809523809523,
        1.0,
        1.0
      ],
      "MES": [
        1.0,
        0.8260869565217391,
        0.7307692307692307,
        1.0,
        0.5714285714285714
      ],
      "MES+AV": [
        1.0,
        0.9130434782588847,
        0.92,
        0.9999999999961537,
        1.0
      ],
      "MES+Phragmen": [
        1.0,
        1.0,
        0.9545454545454546,
        0.9444444444444444,
        1.0
      ],
      "Phragmen": [
        1.0,
        0.95,
        0.84,
        1.0,
        1.0
      ],
      "PAV": [
        1.0,
        0.8260869565217391,
        1.0,
        0.9999999999961537,
        1.0
      ]
    },
    "25.0": {
      "AV": [
        1.0,
        0.9333333333333333,
        0.9642857142857143,
        1.0,
        1.0
      ],
      "AV/Cost": [
        1.0,
        1.0,
        0.8695652173913043,
        0.9999999999958332,
        1.0
      ],
      "GC": [
        1.0,
        0.88,
        0.9523809523809523,
        1.0,
        1.0
      ],
      "MES": [
        1.0,
        0.8695652173913043,
        0.7692307692307693,
        1.0,
        0.5714285714285714
      ],
      "MES+AV": [
        1.0,
        0.9999999999978261,
        0.92,
        0.9999999999961537,
        1.0
      ],
      "MES+Phragmen": [
        1.0,
        1.0,
        0.9545454545454546,
        0.9444444444444444,
        1.0
      ],
      "Phragmen": [
        1.0,
        0.95,
        0.84,
        1.0,
        1.0
      ],
      "PAV": [
        1.0,
        0.8260869565217391,
        1.0,
        0.9999999999961537,
        1.0
      ]
    },
    "30.0": {
      "AV": [
        1.0,
        0.9333333333333333,
        1.0,
        1.0,
        1.0
      ],
      "AV/Cost": [
        1.0,
        1.0,
        0.9565217391304348,
        0.9999999999958332,
        1.0
      ],
      "GC": [
        1.0,
        0.88,
        1.0,
        1.0,
        1.0
      ],
      "MES": [
        1.0,
        0.8695652173913043,
        0.8076923076923077,
        1.0,
        0.5714285714285714
      ],
      "MES+AV": [
        1.0,
        0.9565217391283554,
        1.0,
        0.9999999999961537,
        1.0
      ],
      "MES+Phragmen": [
        1.0,
        1.0,
        1.0,
        0.9444444444444444,
        1.0
      ],
      "Phragmen": [
        1.0,
        0.95,
        1.0,
        1.0,
        1.0
      ],
      "PAV": [
        1.0,
        0.8260869565217391,
        1.0,
        0.9999999999961537,
        1.0
      ]
    }
  }
}