{
  "case_id": "case4",
  "saved_at": "2026-04-30T08:46:09",
  "params": {
    "n": 100,
    "m": 8,
    "alpha": 5.0,
    "budget": 8.0,
    "num_types_values": [
      1,
      2,
      3,
      4,
      5
    ],
    "quality_range": [
      0,
      2
    ],
    "utility_type": "normal"
  },
  "raw_data": {
    "1": {
      "AV": [
        0.9285714285714286,
        1.0,
        0.9696969696969697,
        0.9545454545454546,
        0.85
      ],
      "AV/Cost": [
        1.0,
        0.8260869565217391,
        0.967741935483871,
        0.9999999999970588,
        0.92
      ],
      "GC": [
        0.8518518518518519,
        0.8571428571428571,
        1.0,
        0.9545454545454546,
        0.9130434782608695
      ],
      "MES": [
        1.0,
        0.8148148148148148,
        0.9333333333333333,
        0.7391304347826086,
        0.782608695652174
      ],
      "MES+AV": [
        0.9629629629629629,
        0.9583333333313367,
        1.0,
        1.0,
        1.0
      ],
      "MES+Phragmen": [
        1.0,
        0.896551724137931,
        1.0,
        1.0,
        1.0
      ],
      "Phragmen": [
        1.0,
        0.8846153846153846,
        0.96875,
        1.0,
        1.0
      ],
      "PAV": [
        0.9642857142857143,
        1.0,
        1.0,
        1.0,
        0.9
      ]
    },
    "2": {
      "AV": [
        0.8928571428571429,
        1.0,
        0.9393939393939394,
        1.0,
        0.95
      ],
      "AV/Cost": [
        1.0,
        0.8695652173913043,
        0.967741935483871,
        0.9999999999970588,
        1.0
      ],
      "GC": [
        0.9629629629629629,
        0.9285714285714286,
        0.9655172413793104,
        1.0,
        0.8260869565217391
      ],
      "MES": [
        1.0,
        0.8518518518518519,
        0.9666666666666667,
        0.8260869565217391,
        0.782608695652174
      ],
      "MES+AV": [
        0.9629629629629629,
        0.9583333333313367,
        1.0,
        1.0,
        1.0
      ],
      "MES+Phragmen": [
        1.0,
        0.896551724137931,
        1.0,
        1.0,
        1.0
      ],
      "Phragmen": [
        1.0,
        0.8846153846153846,
        1.0,
        1.0,
        1.0
      ],
      "PAV": [
        0.9642857142857143,
        0.9583333333333334,
        1.0,
        1.0,
        0.9
      ]
    },
    "3": {
      "AV": [
        0.8928571428571429,
        1.0,
        0.9696969696969697,
        1.0,
        0.9
      ],
      "AV/Cost": [
        1.0,
        0.8695652173913043,
        1.0,
        0.9999999999970588,
        0.96
      ],
      "GC": [
        0.9259259259259259,
        0.8928571428571429,
        0.9310344827586207,
        1.0,
        0.8695652173913043
      ],
      "MES": [
        1.0,
        0.8888888888888888,
        0.9666666666666667,
        0.6956521739130435,
        0.782608695652174
      ],
      "MES+AV": [
        1.0,
        0.9583333333313367,
        1.0,
        0.9565217391304348,
        1.0
      ],
      "MES+Phragmen": [
        1.0,
        0.9310344827586207,
        1.0,
        0.92,
        1.0
      ],
      "Phragmen": [
        1.0,
        0.8461538461538461,
        1.0,
        0.9473684210526315,
        1.0
      ],
      "PAV": [
        0.9642857142857143,
        0.9583333333333334,
        1.0,
        1.0,
        0.9
      ]
    },
    "4": {
      "AV": [
        0.8928571428571429,
        1.0,
        0.9696969696969697,
        1.0,
        0.95
      ],
      "AV/Cost": [
        1.0,
        0.8260869565217391,
        1.0,
        0.9999999999970588,
        0.96
      ],
      "GC": [
        0.8518518518518519,
        0.7857142857142857,
        0.9310344827586207,
        1.0,
        0.8695652173913043
      ],
      "MES": [
        1.0,
        0.8518518518518519,
        0.9666666666666667,
        0.7391304347826086,
        0.782608695652174
      ],
      "MES+AV": [
        1.0,
        0.9583333333313367,
        1.0,
        0.9565217391304348,
        0.96
      ],
      "MES+Phragmen": [
        1.0,
        0.8620689655172413,
        1.0,
        0.92,
        1.0
      ],
      "Phragmen": [
        1.0,
        0.8846153846153846,
        1.0,
        1.0,
        1.0
      ],
      "PAV": [
        0.9642857142857143,
        1.0,
        1.0,
        1.0,
        0.9
      ]
    },
    "5": {
      "AV": [
        0.8571428571428571,
        1.0,
        0.9393939393939394,
        1.0,
        0.95
      ],
      "AV/Cost": [
        1.0,
        0.8695652173913043,
        1.0,
        0.9999999999970588,
        0.96
      ],
      "GC": [
        0.7777777777777778,
        0.7857142857142857,
        1.0,
        1.0,
        0.8695652173913043
      ],
      "MES": [
        1.0,
        0.8888888888888888,
        0.9666666666666667,
        0.6956521739130435,
        0.782608695652174
      ],
      "MES+AV": [
        0.9629629629629629,
        0.9583333333313367,
        1.0,
        0.9565217391304348,
        1.0
      ],
      "MES+Phragmen": [
        1.0,
        0.896551724137931,
        1.0,
        0.96,
        1.0
      ],
      "Phragmen": [
        1.0,
        0.8846153846153846,
        1.0,
        1.0,
        0.95
      ],
      "PAV": [
        0.8928571428571429,
        0.9166666666666666,
        1.0,
        1.0,
        0.9
      ]
    }
  }
}