{
  "case_id": "case5_alpha_10",
  "saved_at": "2026-04-30T08:47:15",
  "params": {
    "alpha": 10.0,
    "n": 100,
    "alpha_values": [
      5.0,
      10.0,
      20.0
    ],
    "m_values": [
      4,
      8,
      12,
      16,
      20
    ],
    "budget_values": [
      8.0,
      16.0,
      24.0,
      32.0,
      40.0
    ],
    "quality_range": [
      0,
      2
    ],
    "utility_type": "normal"
  },
  "raw_data": {
    "(4, 8.0)": {
      "AV": [
        0.99999999995,
        0.9999999999954546,
        0.9999999999916667,
        0.9999999999714285,
        0.9999999999944443
      ],
      "AV/Cost": [
        0.9999999999666667,
        0.9375,
        0.5454545454520662,
        0.9999999999812501,
        0.9999999999944443
      ],
      "GC": [
        0.9999999999875,
        1.0,
        0.9999999999916668,
        0.9999999999812501,
        0.9999999999944446
      ],
      "MES": [
        0.49999999998333333,
        1.0,
        0.5714285714285714,
        0.899999999991,
        0.8181818181780992
      ],
      "MES+AV": [
        0.74999999998125,
        0.8181818181818182,
        0.8,
        0.74999999994375,
        1.0
      ],
      "MES+Phragmen": [
        0.9999999999812501,
        1.0,
        0.46666666666511114,
        0.79999999996,
        0.9999999999888889
      ],
      "Phragmen": [
        0.9999999999583333,
        1.0,
        0.4545454545433884,
        0.9999999999785715,
        0.9999999999875
      ],
      "PAV": [
        0.99999999995,
        0.9230769230733727,
        0.9999999999916668,
        0.9999999999875,
        0.9999999999949999
      ]
    },
    "(8, 16.0)": {
      "AV": [
        1.0,
        1.0,
        1.0,
        1.0,
        1.0
      ],
      "AV/Cost": [
        1.0,
        0.88,
        1.0,
        0.9999999999970588,
        1.0
      ],
      "GC": [
        0.8148148148148148,
        0.8709677419354839,
        0.90625,
        0.9545454545454546,
        0.92
      ],
      "MES": [
        0.9615384615384616,
        0.896551724137931,
        0.8888888888888888,
        0.8260869565217391,
        0.782608695652174
      ],
      "MES+AV": [
        1.0,
        0.8275862068951249,
        1.0,
        1.0,
        1.0
      ],
      "MES+Phragmen": [
        1.0,
        0.9666666666666667,
        0.9705882352941176,
        1.0,
        1.0
      ],
      "Phragmen": [
        0.9655172413793104,
        0.9285714285714286,
        1.0,
        1.0,
        1.0
      ],
      "PAV": [
        1.0,
        1.0,
        1.0,
        1.0,
        0.9047619047619048
      ]
    },
    "(12, 24.0)": {
      "AV": [
        0.8717948717948718,
        1.0,
        1.0,
        0.9615384615384616,
        0.9318181818181818
      ],
      "AV/Cost": [
        1.0,
        0.9814814814814815,
        0.9714285714285714,
        0.9818181818181818,
        0.9555555555555556
      ],
      "GC": [
        0.8717948717948718,
        0.7758620689655172,
        0.8620689655172413,
        0.8297872340425532,
        0.8444444444444444
      ],
      "MES": [
        0.9,
        0.9818181818181818,
        0.9230769230769231,
        0.9130434782608695,
        0.9333333333333333
      ],
      "MES+AV": [
        1.0,
        0.9824561403508771,
        0.9090909090909091,
        0.9795918367346939,
        1.0
      ],
      "MES+Phragmen": [
        1.0,
        0.9830508474576272,
        0.8888888888888888,
        0.9807692307692307,
        1.0
      ],
      "Phragmen": [
        1.0,
        0.9824561403508771,
        0.96875,
        0.9622641509433962,
        1.0
      ],
      "PAV": [
        0.9459459459459459,
        0.9811320754716981,
        0.9772727272727273,
        0.9310344827586207,
        0.9111111111111111
      ]
    },
    "(16, 32.0)": {
      "AV": [
        0.9107142857142857,
        0.9848484848484849,
        0.958904109589041,
        0.9545454545454546,
        0.9259259259259259
      ],
      "AV/Cost": [
        1.0,
        0.9701492537313433,
        1.0,
        0.967741935483871,
        0.9230769230769231
      ],
      "GC": [
        0.6415094339622641,
        0.71875,
        0.59375,
        0.6617647058823529,
        0.6
      ],
      "MES": [
        0.9310344827586207,
        0.8939393939393939,
        0.9491525423728814,
        0.9428571428571428,
        0.8867924528301887
      ],
      "MES+AV": [
        1.0,
        0.9705882352941176,
        1.0,
        0.9692307692307692,
        0.9642857142857143
      ],
      "MES+Phragmen": [
        0.9821428571428571,
        1.0,
        0.9538461538461539,
        1.0,
        0.9038461538461539
      ],
      "Phragmen": [
        1.0,
        0.9852941176470589,
        1.0,
        0.9420289855072463,
        0.9019607843137255
      ]
    },
    "(20, 40.0)": {
      "AV": [
        0.8732394366197183,
        0.978494623655914,
        0.9753086419753086,
        0.891566265060241,
        1.0
      ],
      "AV/Cost": [
        0.9722222222222222,
        0.9411764705882353,
        0.9647058823529412,
        0.9879518072289156,
        0.8852459016393442
      ],
      "GC": [
        0.6575342465753424,
        0.7916666666666666,
        0.6923076923076923,
        0.5647058823529412,
        0.49230769230769234
      ],
      "MES": [
        0.8857142857142857,
        0.9512195121951219,
        0.9523809523809523,
        0.9367088607594937,
        0.8656716417910447
      ],
      "MES+AV": [
        0.9726027397260274,
        0.967032967032967,
        0.9886363636363636,
        0.9506172839506173,
        0.896551724137931
      ],
      "MES+Phragmen": [
        0.9545454545454546,
        0.9772727272727273,
        0.975609756097561,
        0.9651162790697675,
        0.8852459016393442
      ],
      "Phragmen": [
        0.9552238805970149,
        0.9444444444444444,
        0.9666666666666667,
        0.9156626506024096,
        0.9142857142857143
      ]
    }
  }
}